id;package_id;code;description
1;88406;neural;Berkshire Fresh Car
2;39361;strategize tan Intel;users Product Alaska
3;45981;Auto Loan Account;Chilean Peso Unidades de fomento Shoes Integrated
4;96470;PCI Solutions;Home Loan Account ubiquitous
5;31940;Practical Steel Chic;Ball Product invoice
6;30682;bleeding-edge method;system engine
7;39964;Metal hack Virgin Is;benchmark Generic multi-byte
8;41671;Data;architectures El Salvador Infrastructure
9;53312;copying bluetooth co;Fish port Assurance
10;81236;payment Usability;Rwanda
