id;package_id;row_id;code;description
1;30119;96410;Human Buckinghamshir;Buckinghamshire Concrete orange
2;67548;91258;Tasty HTTP;Rand Cheese Steel
3;52469;92772;dot-com teal didacti;Ergonomic Steel Table
4;46088;20869;Tunnel Savings Accou;Configuration engage
5;17616;80697;proactive;Customer-focused Towels purple
6;24370;54343;pixel;leverage synthesize
7;30603;21776;extensible Frozen;Global
8;13850;7046;portals Executive AI;overriding transmitting
9;52287;43697;invoice Rubber;Pizza synthesizing THX
10;77284;1078;program;CSS leverage Money Market Account
